[1,0,0,[["cc.AnimationClip",["_name","_duration","curveData"],1,11]],[[0,0,1,2,3]],[[0,"changePassword",0.4166666666666667,[{},"paths",11,[{"content/edbOldPass":{"props":{"y":[{"frame":0.03333333333333333,"value":0},{"frame":0.25,"value":84.5}]}},"content/edbConfirmPass":{"props":{"y":[{"frame":0.03333333333333333,"value":0},{"frame":0.25,"value":-85.5}]}},"content/bg/title":{"props":{"y":[{"frame":0.03333333333333333,"value":281.988},{"frame":0.1,"value":317.496},{"frame":0.3333333333333333,"value":210.48},{"frame":0.4166666666666667,"value":231}]}}},"content/btn_change",11,[{},"props",11,[{},"scale",12,[[[{"frame":0.08333333333333333},"value",8,[0,0,0]],[{"frame":0.25},"value",8,[0,1.1,1.1]],[{"frame":0.3333333333333333},"value",8,[0,1,1]]],11,11,11]]],"content/close-icon",11,[{},"props",11,[{},"scale",12,[[[{"frame":0},"value",8,[0,0,0]],[{"frame":0.4166666666666667},"value",8,[0,1,1]]],11,11]]]]]]],0,0,[],[],[]]