[1,["ecpdLyjvZBwrvm+cedCcQy","e7q6FL+VZEgLJUjVeDLic/","bcJovVO5ZHHJC7jo3Jzpj+","71VhFCTINJM6/Ky3oX9nBT","4dzp31rz5CmbMwauCPJRuy","7a/QZLET9IDreTiBfRn2PD","289Zyyu95HkKfsB3BWiUn5","c2CN3DfmFIqY9uDiD9TGiH","66Ib+r3vhFM4V11P966QgC","1b2BYbRadGF68f3Up8BqOi","14G1+h95BFAKrV+kUC0IA6","818liS5lZMprqnrfOeU38L","d2UF05wGFLo6d7qg6OFB2V","29FYIk+N1GYaeWH/q1NxQO","75lHLCK11CP5AVIfhEBzIm","6aH2ingbNKK6qVlGFscnLp","a1+2aUGzFF4K02PmfILzUH","8a22g4Q7xBZbr0fSj/+vJU","56fc2Ai/RFNYpaMT8crweK"],["node","_textureSetter","_spriteFrame","_parent","spriteProgress","nodeSlider","lbTips","lblStatus","lb_Info","loadingBar","loadingNode","scene","_N$skeletonData","manifestUrl","_N$file","_normalMaterial","_N$normalSprite","_N$pressedSprite","_N$hoverSprite","_N$disabledSprite"],["cc.SpriteFrame",["cc.Node",["_name","_id","_objFlags","_active","_components","_contentSize","_parent","_trs","_children"],-1,9,5,1,7,2],["cc.Sprite",["_sizeMode","_type","_enabled","_fillRange","_materials","node","_spriteFrame"],-1,3,1,6],["cc.Node",["_name","_active","_parent","_components","_contentSize","_trs","_children","_color"],1,1,2,5,7,12,5],["cc.Widget",["_alignFlags","_bottom","_originalWidth","_originalHeight","node"],-1,1],["cc.Label",["_fontSize","_N$horizontalAlign","_N$verticalAlign","_string","_lineHeight","_isSystemFontUsed","_styleFlags","_materials","node"],-4,3,1],["cc.SceneAsset",["_name","asyncLoadAssets"],1],["cc.Node",["_name","_active","_parent","_components","_contentSize","_trs"],1,1,12,5,7],["cc.Canvas",["_fitWidth","_fitHeight","node","_designResolution"],1,1,5],["06c935DvwpCJ5nCCvhzAwFf",["node","lblStatus","lbTips","nodeSlider","spriteProgress"],3,1,1,1,1,1],["2ffa0G2dXNOEK/nOzR1EEZB",["node","loadingNode","loadingBar","lb_Info","manifestUrl"],3,1,1,1,1,6],["cc.Scene",["_name","_active","autoReleaseAssets","_children","_anchorPoint","_trs"],0,2,5,7],["sp.Skeleton",["defaultSkin","defaultAnimation","_preCacheMode","_animationName","node","_materials","_N$skeletonData"],-1,1,3,6],["cc.Camera",["_clearFlags","_depth","node"],1,1],["cc.Button",["zoomScale","_N$enableAutoGrayEffect","_N$transition","node","_N$pressedColor","_N$disabledColor","_N$target"],0,1,5,5,1],["cc.Slider",["_N$progress","node","_N$handle"],2,1,1]],[[1,0,6,4,5,7,2],[7,0,1,2,3,4,5,3],[4,0,1,4,3],[2,0,5,4,6,2],[6,0,1,3],[1,0,1,8,4,5,7,3],[1,0,6,8,4,5,7,2],[1,0,2,6,5,3],[1,0,3,6,4,5,3],[1,0,6,4,7,2],[1,0,6,4,5,2],[3,0,1,2,6,3,4,5,3],[3,0,2,3,7,4,5,2],[3,0,1,2,3,4,5,3],[8,0,1,2,3,3],[4,0,4,2],[4,0,2,3,4,4],[9,0,1,2,3,4,1],[10,0,1,2,3,4,1],[2,2,0,5,4,3],[2,1,0,5,4,6,3],[2,1,0,3,4,4],[2,5,4,6,1],[5,3,0,1,2,7,5],[5,0,4,5,6,1,2,8,7,7],[11,0,1,2,3,4,5,4],[12,0,1,2,3,4,5,6,5],[13,0,1,2,3],[14,0,1,2,3,4,5,6,4],[15,0,1,2,2]],[[[{"name":"vipProgress","rect":[0,0,381,13],"offset":[0,0],"originalSize":[381,13],"capInsets":[0,0,0,0]}],[0],0,[0],[1],[2]],[[{"name":"default_btn_disabled","rect":[0,0,40,40],"offset":[0,0],"originalSize":[40,40],"capInsets":[12,12,12,12]}],[0],0,[0],[1],[3]],[[[4,"Loading",null],[5,"Canvas","d4GmlnA4lDI7yNFulvsP6z",[-12,-13,-14,-15,-16],[[14,true,false,-1,[5,1560,720]],[15,45,-2],[17,-7,-6,-5,-4,-3],[18,-11,-10,-9,-8,14]],[5,1560,720],[780,360,0,0,0,0,1,1,1,1]],[6,"progress_bg",1,[-19,-20,-21,-22,-23],[[19,false,0,-17,[13]],[2,4,103.84800000000001,-18]],[5,1580,30],[0,-241.152,0,0,0,0,1,1,1,1]],[11,"New Slider",false,2,[[[7,"Background",512,-25,[5,300,20]],-26],4,1],[-24],[5,600,43],[2.535,-38.366,0,0,0,0,1,1,1,1]],[1,"Handle",false,3,[[[20,1,0,-27,[11],12],-28],4,1],[5,125.3333333,54],[300,0,0,0,0,0,1,1,1,0]],[8,"mobile-lobby-bg",false,1,[[3,0,-29,[0],1],[16,45,1280,720,-30]],[5,1560,720]],[21,3,0,1,[8]],[23,"Đang Tải Game...",35,1,1,[9]],[1,"lbTips",false,2,[[-31,[2,4,-6.698,-32]],1,4],[5,5.313914035497251,31.5],[0,-28.448,0,0,0,0,1,1,1,0.6]],[25,"New Node",false,true,[1],[0,0,0],[0,0,0,0,0,0,1,1,1,1]],[0,"BGR_Game",1,[[26,"default","animation",0,"animation",-33,[2],3]],[5,1948,1120],[-19,0,0,0,0,0,1,1,1,1]],[9,"Main Camera",1,[[27,7,-1,-34]],[0,0,359.4005425705421,0,0,0,1,1,1,1]],[0,"Logo_images-2",1,[[22,-35,[4],5]],[5,463,533],[0,54.897,0,0,0,0,1,0.9,0.9,1]],[10,"loadingBar",2,[[3,0,-36,[6],7]],[5,1580,12]],[12,"progress_fg",2,[6],[4,4294901736],[5,1560,8],[-0.054,0.07099999999999995,0,0,0,0,1,1,1,1]],[13,"LabelProgress",false,2,[7],[5,276.22,50.4],[5.881,-46.151,0,0,0,0,1,0.6,0.6,0.6]],[24,25,25,false,3,1,1,8,[10]],[28,1.1,true,3,4,[4,4294967295],[4,4294967295],4],[29,1,3,17]],0,[0,0,1,0,0,1,0,4,6,0,5,18,0,6,16,0,7,7,0,0,1,0,8,7,0,9,6,0,10,1,0,0,1,0,-1,5,0,-2,10,0,-3,11,0,-4,12,0,-5,2,0,0,2,0,0,2,0,-1,13,0,-2,14,0,-3,15,0,-4,8,0,-5,3,0,-1,18,0,3,3,0,-2,4,0,0,4,0,-2,17,0,0,5,0,0,5,0,-1,16,0,0,8,0,0,10,0,0,11,0,0,12,0,0,13,0,11,9,1,3,9,6,0,14,7,0,15,36],[0,0,0,0,0,0,0,0,0,0,0,0,0,0,0,6,16,17,17,17,17,17],[-1,2,-1,12,-1,2,-1,2,-1,-1,-1,-1,2,-1,13,2,14,15,16,17,18,19],[0,4,5,6,0,7,0,8,0,0,0,0,9,0,10,11,12,0,1,1,1,13]],[[{"name":"Bgr-game","rect":[0,0,1920,1080],"offset":[0,0],"originalSize":[1920,1080],"capInsets":[0,0,0,0]}],[0],0,[0],[1],[14]],[[{"name":"loadingBar","rect":[0,0,739,12],"offset":[0,0],"originalSize":[739,12],"capInsets":[0,0,0,0]}],[0],0,[0],[1],[15]],[[{"name":"loadingA","rect":[0,0,735,8],"offset":[0,0],"originalSize":[735,8],"capInsets":[0,0,0,0]}],[0],0,[0],[1],[16]],[[{"name":"Logo-fn","rect":[0,0,463,533],"offset":[0,0],"originalSize":[463,533],"capInsets":[0,0,0,0]}],[0],0,[0],[1],[17]],[[{"name":"default_radio_button_off","rect":[3,3,26,26],"offset":[0,0],"originalSize":[32,32],"capInsets":[0,0,0,0]}],[0],0,[0],[1],[18]]]]